driver,month,year,Charging Sessions,Total kWh,Mean kWh
Driver 2,1,2021,5,160.0,32.0
Driver 2,2,2021,4,91.1,22.775
Driver 2,3,2021,3,44.94,14.98
Driver 2,4,2021,12,244.5,20.375
Driver 2,5,2021,8,162.94,20.3675
Driver 2,6,2021,7,120.27,17.181428571428572
Driver 2,7,2021,2,69.66999999999999,34.834999999999994
Driver 2,9,2021,3,60.23,20.076666666666668
Driver 2,10,2021,7,180.64,25.805714285714288
Driver 2,11,2021,9,215.66,23.962222222222223
Driver 2,12,2021,14,264.33,18.880714285714284
