month,Charging Sessions,Total kWh,Mean kWh
1,17,715.48,42.08705882352941
2,16,533.9,33.36875
3,20,590.49,29.5245
4,32,1011.16,31.59875
5,24,758.182,31.59091666666667
6,39,793.943,20.35751282051282
7,37,745.808,20.156972972972973
8,11,244.19,22.19909090909091
9,7,215.72,30.81714285714286
10,18,591.666,32.870333333333335
11,29,881.404,30.393241379310346
12,31,910.24,29.36258064516129
