driver,month,year,Charging Sessions,Total kWh,Mean kWh
Driver 5,1,2021,4,152.78,38.195
Driver 5,2,2021,4,115.2,28.8
Driver 5,3,2021,3,114.67,38.22333333333333
Driver 5,4,2021,6,239.66,39.943333333333335
Driver 5,5,2021,6,171.882,28.647
Driver 5,6,2021,15,190.219,12.681266666666666
Driver 5,7,2021,21,183.55,8.74047619047619
Driver 5,8,2021,6,47.18,7.863333333333333
Driver 5,10,2021,1,44.57,44.57
Driver 5,11,2021,6,187.648,31.274666666666665
Driver 5,12,2021,8,287.64,35.955
