driver,Charging Sessions,Total kWh,Mean kWh
Driver 1,127.0,4642.904,36.55829921259843
Driver 2,74.0,1614.28,21.814594594594595
Driver 5,80.0,1734.999,21.6874875
All fleet,281.0,7992.183,28.441932384341637
